23-03-2022 09:00;ABC123;Иванов;Петр;Иванович
23-03-2022 13:30;DEF456;Смирнова;Анна;Сергеевна
24-03-2022 08:15;GHI789;Попов;Алексей;Дмитриевич
24-03-2022 15:45;JKL321;Соколов;Мария;Александровна
25-03-2022 11:20;MNO654;Кузнецов;Олег;Артемович
25-03-2022 17:30;PQR987;Волков;Екатерина;Андреевна
26-03-2022 10:45;STU123;Лебедев;Андрей;Сергеевич
26-03-2022 16:55;VWX456;Семенова;Ольга;Дмитриевна
27-03-2022 12:10;YZA789;Егоров;Денис;Иванович
27-03-2022 18:20;BCD321;Козлова;Татьяна;Алексеевна
28-03-2022 09:30;FGH654;Смирнов;Иван;Олегович
28-03-2022 14:40;KLM987;Петрова;Наталья;Сергеевна
29-03-2022 07:50;XYZ123;Иванов;Елена;Алексеевна
29-03-2022 16:00;RST456;Соколов;Владимир;Дмитриевич
30-03-2022 10:15;NOP789;Кузнецова;Светлана;Евгеньевна
30-03-2022 17:25;JKL321;Попов;Максим;Иванович
31-03-2022 11:40;BCD654;Волкова;Надежда;Александровна
31-03-2022 18:50;XYZ987;Лебедев;Ирина;Дмитриевна
01-04-2022 12:05;FGH123;Семенов;Сергей;Олегович
01-04-2022 19:15;RST456;Егорова;Алена;Ивановна
02-04-2022 13:30;MNO789;Евгений;Петрович
02-04-2022 20:40;ABC321;Смирнова;Марина;Сергеевна
03-04-2022 09:55;JKL654;Петров;Александр;Дмитриевич
03-04-2022 17:05;XYZ987;Иванова;Татьяна;Сергеевна
04-04-2022 11:20;NOP123;Соколов;Екатерина;Ивановна
04-04-2022 18:30;RST456;Волков;Андрей;Александрович
05-04-2022 12:45;FGH789;Кузнецова;Ольга;Сергеевна
05-04-2022 19:55;ABC321;Попова;Ирина;Анатольевна
06-04-2022 14:10;XYZ654;Егоров;Михаил;Олегович
06-04-2022 21:20;MNO987;Соколова;Анастасия;Д
07-04-2022 15:35;JKL123;Козлов;Артем;Артемович
07-04-2022 22:45;FGH456;Смирнова;Елизавета;Сергеевна
08-04-2022 17:00;RST789;Иванов;Полина;Александровна
08-04-2022 00:10;BCD321;Соколова;Мария;Дмитриевна
09-04-2022 07:25;MNO654;Попов;Дмитрий;Олегович
09-04-2022 14:35;XYZ987;Волкова;Екатерина;Ивановна
10-04-2022 08:50;FGH123;Лебедев;Андрей;Сергеевич
;Семенова;Маргарита;Дмитриевна
11-04-2022 10:15;JKL789;Егоров;Сергей;Олегович
11-04-2022 17:25;STU321;Козлова;Алена;Ивановна
12-04-2022 11:40;NOP654;Смирнов;Виктор;Олегович
12-04-2022 18:50;XYZ789;Петрова;Ольга;Дмитриевна
13-04-2022 13:05;GHI123;Иванова;Мария;Сергеевна
13-04-2022 20:15;VWX456;Соколов;Алексей;Иванович
14-04-2022 14:30;MNO789;Кузнецов;;Петровна
14-04-2022 21:40;RST321;Волкова;Светлана;Андреевна
15-04-2022 15:55;JKL654;Лебедев;Алексей;Олегович
15-04-2022 23:05;FGH987;Семенова;Елена;Дмитриевна
16-04-2022 09:20;6;Егоров;Олег;Алексеевич
16-04-2022 16:30;XYZ456;Козлова;Татьяна;Ивановна